codigo_alt,depto,anio,clas_gen,tipo_entidad,clasificacion_ofpuj,entidad,total_recaudo
81000.0,Arauca,2024,Ingresos propios,Departamento,Impuesto sobre vehiculos automotores,Arauca,1028917480
81000.0,Arauca,2024,Ingresos propios,Departamento,Impuesto sobre vehiculos automotores,Arauca,7897274
81000.0,Arauca,2024,Ingresos propios,Departamento,Impuesto sobre vehiculos automotores,Arauca,21203641
81000.0,Arauca,2024,Ingresos propios,Departamento,Impuesto sobre vehiculos automotores,Arauca,1081818
81000.0,Arauca,2024,Ingresos propios,Departamento,Impuesto sobre vehiculos automotores,Arauca,212180000
81000.0,Arauca,2024,Ingresos propios,Departamento,Impuesto sobre vehiculos automotores,Arauca,58280200
81000.0,Arauca,2024,Ingresos propios,Departamento,Impuesto sobre vehiculos automotores,Arauca,11900002
81000.0,Arauca,2024,Ingresos propios,Departamento,Impuesto sobre vehiculos automotores,Arauca,10818184
81000.0,Arauca,2024,Ingresos propios,Departamento,Impuesto sobre vehiculos automotores,Arauca,158495000
81000.0,Arauca,2024,Ingresos propios,Departamento,Impuesto de registro,Arauca,449300880
81000.0,Arauca,2024,Ingresos propios,Departamento,Impuesto de registro,Arauca,3493224
81000.0,Arauca,2024,Ingresos propios,Departamento,Impuesto de registro,Arauca,9275112
81000.0,Arauca,2024,Ingresos propios,Departamento,Impuesto de registro,Arauca,481824
81000.0,Arauca,2024,Ingresos propios,Departamento,Impuesto de registro,Arauca,120456000
81000.0,Arauca,2024,Ingresos propios,Departamento,Impuesto de registro,Arauca,13250160
81000.0,Arauca,2024,Ingresos propios,Departamento,Impuesto de registro,Arauca,6022800
81000.0,Arauca,2024,Ingresos propios,Departamento,Impuesto de registro,Arauca,1338752577
81000.0,Arauca,2024,Ingresos propios,Departamento,Impuesto de registro,Arauca,10408532
81000.0,Arauca,2024,Ingresos propios,Departamento,Impuesto de registro,Arauca,27636447
81000.0,Arauca,2024,Ingresos propios,Departamento,Impuesto de registro,Arauca,1435660
81000.0,Arauca,2024,Ingresos propios,Departamento,Impuesto de registro,Arauca,358914900
81000.0,Arauca,2024,Ingresos propios,Departamento,Impuesto de registro,Arauca,39480639
81000.0,Arauca,2024,Ingresos propios,Departamento,Impuesto de registro,Arauca,17945745
81000.0,Arauca,2024,Ingresos propios,Departamento,Otros ingresos tributarios,Arauca,93280847
81000.0,Arauca,2024,Ingresos propios,Departamento,Otros ingresos tributarios,Arauca,168328789
81000.0,Arauca,2024,Ingresos propios,Departamento,Otros ingresos tributarios,Arauca,1269271
81000.0,Arauca,2024,Ingresos propios,Departamento,Otros ingresos tributarios,Arauca,189926
81000.0,Arauca,2024,Ingresos propios,Departamento,Otros ingresos tributarios,Arauca,2556384
81000.0,Arauca,2024,Ingresos propios,Departamento,Otros ingresos tributarios,Arauca,2984553
81000.0,Arauca,2024,Ingresos propios,Departamento,Otros ingresos tributarios,Arauca,2713230
81000.0,Arauca,2024,Ingresos propios,Departamento,"Impuesto al consumo de licores, vinos, aperitivos y similares",Arauca,81835860
81000.0,Arauca,2024,Ingresos propios,Departamento,"Impuesto al consumo de licores, vinos, aperitivos y similares",Arauca,22772000
81000.0,Arauca,2024,Ingresos propios,Departamento,"Impuesto al consumo de cervezas, sifones, refajos y mezclas",Arauca,15584170109
81000.0,Arauca,2024,Ingresos propios,Departamento,"Impuesto al consumo de cervezas, sifones, refajos y mezclas",Arauca,119613544
81000.0,Arauca,2024,Ingresos propios,Departamento,"Impuesto al consumo de cervezas, sifones, refajos y mezclas",Arauca,321154173
81000.0,Arauca,2024,Ingresos propios,Departamento,"Impuesto al consumo de cervezas, sifones, refajos y mezclas",Arauca,16385417
81000.0,Arauca,2024,Ingresos propios,Departamento,"Impuesto al consumo de cervezas, sifones, refajos y mezclas",Arauca,180239587
81000.0,Arauca,2024,Ingresos propios,Departamento,"Impuesto al consumo de cervezas, sifones, refajos y mezclas",Arauca,163854170
81000.0,Arauca,2024,Ingresos propios,Departamento,"Impuesto al consumo de cervezas, sifones, refajos y mezclas",Arauca,34539197
81000.0,Arauca,2024,Ingresos propios,Departamento,"Impuesto al consumo de cervezas, sifones, refajos y mezclas",Arauca,265100
81000.0,Arauca,2024,Ingresos propios,Departamento,"Impuesto al consumo de cervezas, sifones, refajos y mezclas",Arauca,711774
81000.0,Arauca,2024,Ingresos propios,Departamento,"Impuesto al consumo de cervezas, sifones, refajos y mezclas",Arauca,36315
81000.0,Arauca,2024,Ingresos propios,Departamento,"Impuesto al consumo de cervezas, sifones, refajos y mezclas",Arauca,399465
81000.0,Arauca,2024,Ingresos propios,Departamento,"Impuesto al consumo de cervezas, sifones, refajos y mezclas",Arauca,363150
81000.0,Arauca,2024,Ingresos propios,Departamento,Impuesto al consumo de cigarrillos y tabaco,Arauca,35786461
81000.0,Arauca,2024,Ingresos propios,Departamento,Impuesto al consumo de cigarrillos y tabaco,Arauca,39365107
81000.0,Arauca,2024,Ingresos propios,Departamento,Impuesto al consumo de cigarrillos y tabaco,Arauca,681646880
81000.0,Arauca,2024,Ingresos propios,Departamento,Impuesto al consumo de cigarrillos y tabaco,Arauca,3578646
81000.0,Arauca,2024,Ingresos propios,Departamento,Impuesto al consumo de cigarrillos y tabaco,Arauca,70141464
81000.0,Arauca,2024,Ingresos propios,Departamento,Impuesto al consumo de cigarrillos y tabaco,Arauca,26124117
81000.0,Arauca,2024,Ingresos propios,Departamento,Impuesto al consumo de cigarrillos y tabaco,Arauca,3403650325
81000.0,Arauca,2024,Ingresos propios,Departamento,Sobretasa a la gasolina,Arauca,2115772370
81000.0,Arauca,2024,Ingresos propios,Departamento,Sobretasa a la gasolina,Arauca,15387718
81000.0,Arauca,2024,Ingresos propios,Departamento,Sobretasa a la gasolina,Arauca,41314968
81000.0,Arauca,2024,Ingresos propios,Departamento,Sobretasa a la gasolina,Arauca,2107907
81000.0,Arauca,2024,Ingresos propios,Departamento,Sobretasa a la gasolina,Arauca,23186972
81000.0,Arauca,2024,Ingresos propios,Departamento,Sobretasa a la gasolina,Arauca,21079066
81000.0,Arauca,2024,Ingresos propios,Departamento,Tasa prodeporte y recreacion,Arauca,4457199976
81000.0,Arauca,2024,Ingresos propios,Departamento,Estampillas,Arauca,4463192002
81000.0,Arauca,2024,Ingresos propios,Departamento,Estampillas,Arauca,2261748289
81000.0,Arauca,2024,Ingresos propios,Departamento,Estampillas,Arauca,2954104789
81000.0,Arauca,2024,Ingresos propios,Departamento,Estampillas,Arauca,836279983
81000.0,Arauca,2024,Ingresos propios,Departamento,Estampillas,Arauca,6752958412
81000.0,Arauca,2024,Ingresos propios,Departamento,"Tasas, multas y contribuciones",Arauca,799758145
81000.0,Arauca,2024,Ingresos propios,Departamento,"Tasas, multas y contribuciones",Arauca,1998211132
81000.0,Arauca,2024,Ingresos propios,Departamento,"Tasas, multas y contribuciones",Arauca,28775982
81000.0,Arauca,2024,Ingresos propios,Departamento,"Tasas, multas y contribuciones",Arauca,220865
81000.0,Arauca,2024,Ingresos propios,Departamento,"Tasas, multas y contribuciones",Arauca,30255
81000.0,Arauca,2024,Ingresos propios,Departamento,"Tasas, multas y contribuciones",Arauca,593007
81000.0,Arauca,2024,Ingresos propios,Departamento,"Tasas, multas y contribuciones",Arauca,332810
81000.0,Arauca,2024,Ingresos propios,Departamento,"Tasas, multas y contribuciones",Arauca,302555
81000.0,Arauca,2024,Ingresos propios,Departamento,"Tasas, multas y contribuciones",Arauca,339228968
81000.0,Arauca,2024,Ingresos propios,Departamento,"Tasas, multas y contribuciones",Arauca,2608399
81000.0,Arauca,2024,Ingresos propios,Departamento,"Tasas, multas y contribuciones",Arauca,7003372
81000.0,Arauca,2024,Ingresos propios,Departamento,"Tasas, multas y contribuciones",Arauca,613214
81000.0,Arauca,2024,Ingresos propios,Departamento,"Tasas, multas y contribuciones",Arauca,357314
81000.0,Arauca,2024,Ingresos propios,Departamento,"Tasas, multas y contribuciones",Arauca,87856800
81000.0,Arauca,2024,Ingresos propios,Departamento,"Tasas, multas y contribuciones",Arauca,3930463
81000.0,Arauca,2024,Ingresos propios,Departamento,"Tasas, multas y contribuciones",Arauca,3573149
81000.0,Arauca,2024,Ingresos propios,Departamento,"Tasas, multas y contribuciones",Arauca,2386754
81000.0,Arauca,2024,Ingresos propios,Departamento,"Tasas, multas y contribuciones",Arauca,3653192
81000.0,Arauca,2024,Ingresos propios,Departamento,"Tasas, multas y contribuciones",Arauca,18686600
81000.0,Arauca,2024,Ingresos propios,Departamento,"Tasas, multas y contribuciones",Arauca,36313600
81000.0,Arauca,2024,Ingresos propios,Departamento,"Tasas, multas y contribuciones",Arauca,2846751
81000.0,Arauca,2024,Ingresos propios,Departamento,"Tasas, multas y contribuciones",Arauca,219989
81000.0,Arauca,2024,Ingresos propios,Departamento,"Tasas, multas y contribuciones",Arauca,1438868
81000.0,Arauca,2024,Ingresos propios,Departamento,"Tasas, multas y contribuciones",Arauca,1602181
81000.0,Arauca,2024,Ingresos propios,Departamento,"Tasas, multas y contribuciones",Arauca,207841065
81000.0,Arauca,2024,Ingresos propios,Departamento,"Tasas, multas y contribuciones",Arauca,55932612
81000.0,Arauca,2024,Ingresos propios,Departamento,"Tasas, multas y contribuciones",Arauca,58203454
81000.0,Arauca,2024,Ingresos propios,Departamento,"Tasas, multas y contribuciones",Arauca,3711
81000.0,Arauca,2024,Ingresos propios,Departamento,"Tasas, multas y contribuciones",Arauca,119280
81000.0,Arauca,2024,Ingresos propios,Departamento,"Tasas, multas y contribuciones",Arauca,2330461
81000.0,Arauca,2024,Ingresos propios,Departamento,"Tasas, multas y contribuciones",Arauca,1309995
81000.0,Arauca,2024,Ingresos propios,Departamento,"Tasas, multas y contribuciones",Arauca,1190904
81000.0,Arauca,2024,Transferencias,Departamento,Sistema general de participaciones,Arauca,329015735909
81000.0,Arauca,2024,Transferencias,Departamento,Sistema general de participaciones,Arauca,534832261
81000.0,Arauca,2024,Transferencias,Departamento,Sistema general de participaciones,Arauca,4968978822
81000.0,Arauca,2024,Transferencias,Departamento,Otras transferencias,Arauca,383954473
81000.0,Arauca,2024,Transferencias,Departamento,Otras transferencias,Arauca,422349920
81000.0,Arauca,2024,Transferencias,Departamento,Otras transferencias,Arauca,752550767
81000.0,Arauca,2024,Transferencias,Departamento,Otras transferencias,Arauca,38395447
81000.0,Arauca,2024,Transferencias,Departamento,Otras transferencias,Arauca,280286765
81000.0,Arauca,2024,Transferencias,Departamento,Otras transferencias,Arauca,36517909911
81000.0,Arauca,2024,Transferencias,Departamento,Otras transferencias,Arauca,1883571751
81000.0,Arauca,2024,Transferencias,Departamento,Otras transferencias,Arauca,104728187
81000.0,Arauca,2024,Transferencias,Departamento,Otras transferencias,Arauca,33229295492
81000.0,Arauca,2024,Transferencias,Departamento,Otras transferencias,Arauca,78629972
81000.0,Arauca,2024,Ingresos propios,Departamento,Participacion y derechos por monopolio,Arauca,13880870
81000.0,Arauca,2024,Recursos de capital,Departamento,Otros recursos de capital,Arauca,232399320
81000.0,Arauca,2024,Recursos de capital,Departamento,Otros recursos de capital,Arauca,14294536
81000.0,Arauca,2024,Recursos de capital,Departamento,Otros recursos de capital,Arauca,14333674
81000.0,Arauca,2024,Recursos de capital,Departamento,Otros recursos de capital,Arauca,20777
81000.0,Arauca,2024,Recursos de capital,Departamento,Otros recursos de capital,Arauca,7894938
81000.0,Arauca,2024,Recursos de capital,Departamento,Otros recursos de capital,Arauca,22631583
81000.0,Arauca,2024,Recursos de capital,Departamento,Otros recursos de capital,Arauca,12174344
81000.0,Arauca,2024,Recursos de capital,Departamento,Otros recursos de capital,Arauca,1157901866
81000.0,Arauca,2024,Recursos de capital,Departamento,Otros recursos de capital,Arauca,13391778
81000.0,Arauca,2024,Recursos de capital,Departamento,Otros recursos de capital,Arauca,23861714
81000.0,Arauca,2024,Recursos de capital,Departamento,Otros recursos de capital,Arauca,1217434
81000.0,Arauca,2024,Recursos de capital,Departamento,Otros recursos de capital,Arauca,8887271
81000.0,Arauca,2024,Recursos de capital,Departamento,Otros recursos de capital,Arauca,517835505
81000.0,Arauca,2024,Recursos de capital,Departamento,Recursos del balance,Arauca,230753900
81000.0,Arauca,2024,Recursos de capital,Departamento,Recursos del balance,Arauca,7229641622
81000.0,Arauca,2024,Recursos de capital,Departamento,Recursos del balance,Arauca,3947865084
81000.0,Arauca,2024,Recursos de capital,Departamento,Recursos del balance,Arauca,302061112
81000.0,Arauca,2024,Recursos de capital,Departamento,Recursos del balance,Arauca,72811330
81000.0,Arauca,2024,Recursos de capital,Departamento,Recursos del balance,Arauca,45583533
81000.0,Arauca,2024,Recursos de capital,Departamento,Recursos del balance,Arauca,137677146
81000.0,Arauca,2024,Recursos de capital,Departamento,Recursos del balance,Arauca,342371178
81000.0,Arauca,2024,Recursos de capital,Departamento,Recursos del balance,Arauca,965547299
81000.0,Arauca,2024,Recursos de capital,Departamento,Recursos del balance,Arauca,1476067511
81000.0,Arauca,2024,Recursos de capital,Departamento,Recursos del balance,Arauca,242504778
81000.0,Arauca,2024,Recursos de capital,Departamento,Recursos del balance,Arauca,23810000
81000.0,Arauca,2024,Recursos de capital,Departamento,Recursos del balance,Arauca,25569368
81000.0,Arauca,2024,Recursos de capital,Departamento,Recursos del balance,Arauca,5965992692
81000.0,Arauca,2024,Recursos de capital,Departamento,Recursos del balance,Arauca,1358194262
81000.0,Arauca,2024,Recursos de capital,Departamento,Recursos del balance,Arauca,5642801337
81000.0,Arauca,2024,Recursos de capital,Departamento,Recursos del balance,Arauca,14492348
81000.0,Arauca,2024,Recursos de capital,Departamento,Recursos del balance,Arauca,191565849
81000.0,Arauca,2024,Recursos de capital,Departamento,Recursos del balance,Arauca,97043604
81000.0,Arauca,2024,Recursos de capital,Departamento,Recursos del balance,Arauca,4166869615
81000.0,Arauca,2024,Recursos de capital,Departamento,Recursos del balance,Arauca,4788559254
81000.0,Arauca,2024,Recursos de capital,Departamento,Recursos del balance,Arauca,2222813946
81000.0,Arauca,2024,Recursos de capital,Departamento,Recursos del balance,Arauca,30339172
81000.0,Arauca,2024,Recursos de capital,Departamento,Recursos del balance,Arauca,1046884710
81000.0,Arauca,2024,Recursos de capital,Departamento,Recursos del balance,Arauca,1141822803
81000.0,Arauca,2024,Recursos de capital,Departamento,Recursos del balance,Arauca,242879052
81000.0,Arauca,2024,Recursos de capital,Departamento,Recursos del balance,Arauca,250189293
81000.0,Arauca,2024,Recursos de capital,Departamento,Recursos del balance,Arauca,907813277
81000.0,Arauca,2024,Recursos de capital,Departamento,Recursos del balance,Arauca,54867623
81000.0,Arauca,2024,Recursos de capital,Departamento,Recursos del balance,Arauca,27029032
81000.0,Arauca,2024,Recursos de capital,Departamento,Recursos del balance,Arauca,4389252497
81000.0,Arauca,2024,Recursos de capital,Departamento,Recursos del balance,Arauca,2013987501
81000.0,Arauca,2024,Recursos de capital,Departamento,Recursos del balance,Arauca,10409134
81000.0,Arauca,2024,Recursos de capital,Departamento,Recursos del balance,Arauca,226250
81000.0,Arauca,2024,Recursos de capital,Departamento,Otros recursos de capital,Arauca,5841435000
81000.0,Arauca,2024,Recursos de capital,Departamento,Otros recursos de capital,Arauca,140645826
81001.0,Arauca,2024,Ingresos propios,Municipio,Impuesto predial unificado,Arauca,2328132003
81001.0,Arauca,2024,Ingresos propios,Municipio,Impuesto predial unificado,Arauca,23516485
81001.0,Arauca,2024,Ingresos propios,Municipio,Impuesto predial unificado,Arauca,285621453
81001.0,Arauca,2024,Ingresos propios,Municipio,Impuesto predial unificado,Arauca,2885065
81001.0,Arauca,2024,Ingresos propios,Municipio,Sobretasa a la gasolina,Arauca,2575274130
81001.0,Arauca,2024,Ingresos propios,Municipio,Sobretasa a la gasolina,Arauca,26012870
81001.0,Arauca,2024,Ingresos propios,Municipio,Impuesto de industria y comercio,Arauca,2274738279
81001.0,Arauca,2024,Ingresos propios,Municipio,Impuesto de industria y comercio,Arauca,22977154
81001.0,Arauca,2024,Ingresos propios,Municipio,Impuesto de industria y comercio,Arauca,2376348441
81001.0,Arauca,2024,Ingresos propios,Municipio,Impuesto de industria y comercio,Arauca,24003520
81001.0,Arauca,2024,Ingresos propios,Municipio,Impuesto de industria y comercio,Arauca,8659765888
81001.0,Arauca,2024,Ingresos propios,Municipio,Impuesto de industria y comercio,Arauca,87472383
81001.0,Arauca,2024,Ingresos propios,Municipio,Impuesto complementario de avisos y tableros,Arauca,862261879
81001.0,Arauca,2024,Ingresos propios,Municipio,Impuesto complementario de avisos y tableros,Arauca,8709716
81001.0,Arauca,2024,Ingresos propios,Municipio,Otros ingresos tributarios,Arauca,1436993
81001.0,Arauca,2024,Ingresos propios,Municipio,Otros ingresos tributarios,Arauca,14515
81001.0,Arauca,2024,Ingresos propios,Municipio,Impuesto de delineacion,Arauca,151277315
81001.0,Arauca,2024,Ingresos propios,Municipio,Impuesto de delineacion,Arauca,1528054
81001.0,Arauca,2024,Ingresos propios,Municipio,Impuesto de alumbrado publico,Arauca,4860713618
81001.0,Arauca,2024,Ingresos propios,Municipio,Sobretasa bomberil,Arauca,424246343
81001.0,Arauca,2024,Ingresos propios,Municipio,Tasa prodeporte y recreacion,Arauca,1273436558
81001.0,Arauca,2024,Ingresos propios,Municipio,Estampillas,Arauca,3333131621
81001.0,Arauca,2024,Ingresos propios,Municipio,Estampillas,Arauca,1814521278
81001.0,Arauca,2024,Ingresos propios,Municipio,"Tasas, multas y contribuciones",Arauca,2668309259
81001.0,Arauca,2024,Ingresos propios,Municipio,"Tasas, multas y contribuciones",Arauca,151730701
81001.0,Arauca,2024,Ingresos propios,Municipio,"Tasas, multas y contribuciones",Arauca,16239115
81001.0,Arauca,2024,Ingresos propios,Municipio,"Tasas, multas y contribuciones",Arauca,1607672456
81001.0,Arauca,2024,Ingresos propios,Municipio,"Tasas, multas y contribuciones",Arauca,11484779
81001.0,Arauca,2024,Ingresos propios,Municipio,"Tasas, multas y contribuciones",Arauca,1136993046
81001.0,Arauca,2024,Ingresos propios,Municipio,"Tasas, multas y contribuciones",Arauca,6693275
81001.0,Arauca,2024,Ingresos propios,Municipio,"Tasas, multas y contribuciones",Arauca,94173841
81001.0,Arauca,2024,Ingresos propios,Municipio,"Tasas, multas y contribuciones",Arauca,951251
81001.0,Arauca,2024,Transferencias,Municipio,Sistema general de participaciones,Arauca,2091705313
81001.0,Arauca,2024,Transferencias,Municipio,Sistema general de participaciones,Arauca,2033618980
81001.0,Arauca,2024,Transferencias,Municipio,Sistema general de participaciones,Arauca,46016145772
81001.0,Arauca,2024,Transferencias,Municipio,Sistema general de participaciones,Arauca,1404894655
81001.0,Arauca,2024,Transferencias,Municipio,Sistema general de participaciones,Arauca,387996131
81001.0,Arauca,2024,Transferencias,Municipio,Sistema general de participaciones,Arauca,290997099
81001.0,Arauca,2024,Transferencias,Municipio,Sistema general de participaciones,Arauca,3685963250
81001.0,Arauca,2024,Transferencias,Municipio,Sistema general de participaciones,Arauca,35120339
81001.0,Arauca,2024,Transferencias,Municipio,Sistema general de participaciones,Arauca,3476913609
81001.0,Arauca,2024,Transferencias,Municipio,Sistema general de participaciones,Arauca,1346929148
81001.0,Arauca,2024,Transferencias,Municipio,Sistema general de participaciones,Arauca,6903236071
81001.0,Arauca,2024,Transferencias,Municipio,Otras transferencias,Arauca,411913690
81001.0,Arauca,2024,Transferencias,Municipio,Otras transferencias,Arauca,4160744
81001.0,Arauca,2024,Transferencias,Municipio,Otras transferencias,Arauca,612303720
81001.0,Arauca,2024,Transferencias,Municipio,Recursos del sistema de seguridad social integral,Arauca,64676649371
81001.0,Arauca,2024,Transferencias,Municipio,Recursos del sistema de seguridad social integral,Arauca,3267615198
81001.0,Arauca,2024,Ingresos propios,Municipio,"Tasas, multas y contribuciones",Arauca,1905086346
81001.0,Arauca,2024,Recursos de capital,Municipio,Otros recursos de capital,Arauca,79453242
81001.0,Arauca,2024,Recursos de capital,Municipio,Otros recursos de capital,Arauca,802558
81001.0,Arauca,2024,Recursos de capital,Municipio,Otros recursos de capital,Arauca,137002
81001.0,Arauca,2024,Recursos de capital,Municipio,Otros recursos de capital,Arauca,43992857
81001.0,Arauca,2024,Recursos de capital,Municipio,Otros recursos de capital,Arauca,2250741
81001.0,Arauca,2024,Recursos de capital,Municipio,Otros recursos de capital,Arauca,13339105
81001.0,Arauca,2024,Recursos de capital,Municipio,Otros recursos de capital,Arauca,81535397
81001.0,Arauca,2024,Recursos de capital,Municipio,Otros recursos de capital,Arauca,7303025
81001.0,Arauca,2024,Recursos de capital,Municipio,Otros recursos de capital,Arauca,1033768240
81001.0,Arauca,2024,Recursos de capital,Municipio,Otros recursos de capital,Arauca,11580045
81001.0,Arauca,2024,Recursos de capital,Municipio,Recursos del balance,Arauca,170738295
81001.0,Arauca,2024,Recursos de capital,Municipio,Recursos del balance,Arauca,1350000
81001.0,Arauca,2024,Recursos de capital,Municipio,Recursos del balance,Arauca,88262918
81001.0,Arauca,2024,Recursos de capital,Municipio,Recursos del balance,Arauca,163106363
81001.0,Arauca,2024,Recursos de capital,Municipio,Recursos del balance,Arauca,10675426
81001.0,Arauca,2024,Recursos de capital,Municipio,Recursos del balance,Arauca,413061899
81001.0,Arauca,2024,Recursos de capital,Municipio,Recursos del balance,Arauca,39713206
81001.0,Arauca,2024,Recursos de capital,Municipio,Recursos del balance,Arauca,76411675
81001.0,Arauca,2024,Recursos de capital,Municipio,Recursos del balance,Arauca,150000000
81001.0,Arauca,2024,Recursos de capital,Municipio,Recursos del balance,Arauca,1998373671
81001.0,Arauca,2024,Recursos de capital,Municipio,Recursos del balance,Arauca,8936844
81001.0,Arauca,2024,Recursos de capital,Municipio,Recursos del balance,Arauca,101983598
81001.0,Arauca,2024,Recursos de capital,Municipio,Recursos del balance,Arauca,146265645
81001.0,Arauca,2024,Recursos de capital,Municipio,Recursos del balance,Arauca,258337590
81001.0,Arauca,2024,Recursos de capital,Municipio,Recursos del balance,Arauca,1706593393
81001.0,Arauca,2024,Recursos de capital,Municipio,Recursos del balance,Arauca,3046106238
81001.0,Arauca,2024,Recursos de capital,Municipio,Recursos del balance,Arauca,10647226
81001.0,Arauca,2024,Recursos de capital,Municipio,Recursos del balance,Arauca,3564113
81001.0,Arauca,2024,Recursos de capital,Municipio,Recursos del balance,Arauca,40311842
81001.0,Arauca,2024,Recursos de capital,Municipio,Recursos del balance,Arauca,18428639
81001.0,Arauca,2024,Recursos de capital,Municipio,Recursos del balance,Arauca,21680816
81001.0,Arauca,2024,Recursos de capital,Municipio,Recursos del balance,Arauca,79610397
81001.0,Arauca,2024,Recursos de capital,Municipio,Recursos del balance,Arauca,59707798
81001.0,Arauca,2024,Recursos de capital,Municipio,Recursos del balance,Arauca,835909177
81001.0,Arauca,2024,Recursos de capital,Municipio,Recursos del balance,Arauca,26884467
81001.0,Arauca,2024,Recursos de capital,Municipio,Recursos del balance,Arauca,1415166303
81001.0,Arauca,2024,Recursos de capital,Municipio,Otros recursos de capital,Arauca,807794021
81001.0,Arauca,2024,Recursos de capital,Municipio,Otros recursos de capital,Arauca,25456972
81001.0,Arauca,2024,Recursos de capital,Municipio,Otros recursos de capital,Arauca,119130812
81001.0,Arauca,2024,Recursos de capital,Municipio,Otros recursos de capital,Arauca,81003326
25214.0,Cundinamarca,2024,Ingresos propios,Municipio,Sobretasa ambiental,Cota,4705384815
25214.0,Cundinamarca,2024,Ingresos propios,Municipio,Impuesto predial unificado,Cota,1769789729
25214.0,Cundinamarca,2024,Ingresos propios,Municipio,Impuesto predial unificado,Cota,1800251702
25214.0,Cundinamarca,2024,Ingresos propios,Municipio,Impuesto predial unificado,Cota,23078899197
25214.0,Cundinamarca,2024,Ingresos propios,Municipio,Sobretasa a la gasolina,Cota,11059872591
25214.0,Cundinamarca,2024,Ingresos propios,Municipio,Impuesto de industria y comercio,Cota,59343804127
25214.0,Cundinamarca,2024,Ingresos propios,Municipio,Impuesto de industria y comercio,Cota,19817347436
25214.0,Cundinamarca,2024,Ingresos propios,Municipio,Impuesto de industria y comercio,Cota,33455040439
25214.0,Cundinamarca,2024,Ingresos propios,Municipio,Impuesto complementario de avisos y tableros,Cota,7936693894
25214.0,Cundinamarca,2024,Ingresos propios,Municipio,Otros ingresos tributarios,Cota,161612920
25214.0,Cundinamarca,2024,Ingresos propios,Municipio,Impuesto de delineacion,Cota,12685359054
25214.0,Cundinamarca,2024,Ingresos propios,Municipio,Sobretasa bomberil,Cota,1979794495
25214.0,Cundinamarca,2024,Ingresos propios,Municipio,Impuesto de transporte por oleoductos y gasoductos,Cota,74506685
25214.0,Cundinamarca,2024,Ingresos propios,Municipio,Otros ingresos tributarios,Cota,5920870288
25214.0,Cundinamarca,2024,Ingresos propios,Municipio,Tasa prodeporte y recreacion,Cota,1924860298
25214.0,Cundinamarca,2024,Ingresos propios,Municipio,Estampillas,Cota,2390447634
25214.0,Cundinamarca,2024,Ingresos propios,Municipio,Estampillas,Cota,839594078
25214.0,Cundinamarca,2024,Ingresos propios,Municipio,"Tasas, multas y contribuciones",Cota,914875528
25214.0,Cundinamarca,2024,Ingresos propios,Municipio,"Tasas, multas y contribuciones",Cota,128346181
25214.0,Cundinamarca,2024,Ingresos propios,Municipio,"Tasas, multas y contribuciones",Cota,172210501
25214.0,Cundinamarca,2024,Ingresos propios,Municipio,"Tasas, multas y contribuciones",Cota,63245604
25214.0,Cundinamarca,2024,Ingresos propios,Municipio,"Tasas, multas y contribuciones",Cota,3937988
25214.0,Cundinamarca,2024,Ingresos propios,Municipio,"Tasas, multas y contribuciones",Cota,0
25214.0,Cundinamarca,2024,Ingresos propios,Municipio,"Tasas, multas y contribuciones",Cota,1907767765
25214.0,Cundinamarca,2024,Ingresos propios,Municipio,"Tasas, multas y contribuciones",Cota,10123323
25214.0,Cundinamarca,2024,Ingresos propios,Municipio,"Tasas, multas y contribuciones",Cota,178660919
25214.0,Cundinamarca,2024,Ingresos propios,Municipio,"Tasas, multas y contribuciones",Cota,3150262141
25214.0,Cundinamarca,2024,Ingresos propios,Municipio,"Tasas, multas y contribuciones",Cota,6305850
25214.0,Cundinamarca,2024,Ingresos propios,Municipio,"Tasas, multas y contribuciones",Cota,27765400
25214.0,Cundinamarca,2024,Ingresos propios,Municipio,"Tasas, multas y contribuciones",Cota,60346000
25214.0,Cundinamarca,2024,Transferencias,Municipio,Sistema general de participaciones,Cota,207313525
25214.0,Cundinamarca,2024,Transferencias,Municipio,Sistema general de participaciones,Cota,318753477
25214.0,Cundinamarca,2024,Transferencias,Municipio,Sistema general de participaciones,Cota,3455129509
25214.0,Cundinamarca,2024,Transferencias,Municipio,Sistema general de participaciones,Cota,476454934
25214.0,Cundinamarca,2024,Transferencias,Municipio,Sistema general de participaciones,Cota,285542494
25214.0,Cundinamarca,2024,Transferencias,Municipio,Sistema general de participaciones,Cota,214156870
25214.0,Cundinamarca,2024,Transferencias,Municipio,Sistema general de participaciones,Cota,2712653710
25214.0,Cundinamarca,2024,Transferencias,Municipio,Sistema general de participaciones,Cota,51522063
25214.0,Cundinamarca,2024,Transferencias,Municipio,Sistema general de participaciones,Cota,1290825571
25214.0,Cundinamarca,2024,Transferencias,Municipio,Otras transferencias,Cota,1177332743
25214.0,Cundinamarca,2024,Transferencias,Municipio,Recursos del sistema de seguridad social integral,Cota,3370981629
25214.0,Cundinamarca,2024,Transferencias,Municipio,Recursos del sistema de seguridad social integral,Cota,66099107
25214.0,Cundinamarca,2024,Transferencias,Municipio,Recursos del sistema de seguridad social integral,Cota,193382593
25214.0,Cundinamarca,2024,Transferencias,Municipio,Recursos del sistema de seguridad social integral,Cota,2048394034
25214.0,Cundinamarca,2024,Recursos de capital,Municipio,Otros recursos de capital,Cota,0
25214.0,Cundinamarca,2024,Recursos de capital,Municipio,Otros recursos de capital,Cota,105637277
25214.0,Cundinamarca,2024,Recursos de capital,Municipio,Otros recursos de capital,Cota,77865601
25214.0,Cundinamarca,2024,Recursos de capital,Municipio,Otros recursos de capital,Cota,5294699
25214.0,Cundinamarca,2024,Recursos de capital,Municipio,Otros recursos de capital,Cota,13378903
25214.0,Cundinamarca,2024,Recursos de capital,Municipio,Otros recursos de capital,Cota,15213511
25214.0,Cundinamarca,2024,Recursos de capital,Municipio,Otros recursos de capital,Cota,0
25214.0,Cundinamarca,2024,Recursos de capital,Municipio,Otros recursos de capital,Cota,53236052
25214.0,Cundinamarca,2024,Recursos de capital,Municipio,Otros recursos de capital,Cota,8523059
25214.0,Cundinamarca,2024,Recursos de capital,Municipio,Otros recursos de capital,Cota,649394492
25214.0,Cundinamarca,2024,Recursos de capital,Municipio,Otros recursos de capital,Cota,3352252
25214.0,Cundinamarca,2024,Recursos de capital,Municipio,Otros recursos de capital,Cota,83805
25214.0,Cundinamarca,2024,Recursos de capital,Municipio,Otros recursos de capital,Cota,35810037
25214.0,Cundinamarca,2024,Recursos de capital,Municipio,Otros recursos de capital,Cota,36790
25214.0,Cundinamarca,2024,Recursos de capital,Municipio,Otros recursos de capital,Cota,0
25214.0,Cundinamarca,2024,Recursos de capital,Municipio,Otros recursos de capital,Cota,14040127163
25214.0,Cundinamarca,2024,Recursos de capital,Municipio,Otros recursos de capital,Cota,112208
25214.0,Cundinamarca,2024,Recursos de capital,Municipio,Otros recursos de capital,Cota,18457961
25214.0,Cundinamarca,2024,Recursos de capital,Municipio,Otros recursos de capital,Cota,8131943342
25214.0,Cundinamarca,2024,Recursos de capital,Municipio,Recursos del balance,Cota,0
25214.0,Cundinamarca,2024,Recursos de capital,Municipio,Recursos del balance,Cota,7529
25214.0,Cundinamarca,2024,Recursos de capital,Municipio,Recursos del balance,Cota,8054476
25214.0,Cundinamarca,2024,Recursos de capital,Municipio,Recursos del balance,Cota,9372975
25214.0,Cundinamarca,2024,Recursos de capital,Municipio,Recursos del balance,Cota,185527603
25214.0,Cundinamarca,2024,Recursos de capital,Municipio,Recursos del balance,Cota,83645015
25214.0,Cundinamarca,2024,Recursos de capital,Municipio,Recursos del balance,Cota,19190595
25214.0,Cundinamarca,2024,Recursos de capital,Municipio,Recursos del balance,Cota,842047999
25214.0,Cundinamarca,2024,Recursos de capital,Municipio,Recursos del balance,Cota,118851057
25214.0,Cundinamarca,2024,Recursos de capital,Municipio,Recursos del balance,Cota,11287736
25214.0,Cundinamarca,2024,Recursos de capital,Municipio,Recursos del balance,Cota,66419023
25214.0,Cundinamarca,2024,Recursos de capital,Municipio,Recursos del balance,Cota,111987522
25214.0,Cundinamarca,2024,Recursos de capital,Municipio,Recursos del balance,Cota,208894701
25214.0,Cundinamarca,2024,Recursos de capital,Municipio,Recursos del balance,Cota,3451566735
25214.0,Cundinamarca,2024,Recursos de capital,Municipio,Recursos del balance,Cota,1213766244
25214.0,Cundinamarca,2024,Recursos de capital,Municipio,Recursos del balance,Cota,14888494986
25214.0,Cundinamarca,2024,Recursos de capital,Municipio,Recursos del balance,Cota,3315810440
25214.0,Cundinamarca,2024,Recursos de capital,Municipio,Recursos del balance,Cota,113179431
25214.0,Cundinamarca,2024,Recursos de capital,Municipio,Recursos del balance,Cota,33203446
25214.0,Cundinamarca,2024,Recursos de capital,Municipio,Recursos del balance,Cota,8002529524
25214.0,Cundinamarca,2024,Recursos de capital,Municipio,Recursos del balance,Cota,70147852
25214.0,Cundinamarca,2024,Recursos de capital,Municipio,Recursos del balance,Cota,48876323
25214.0,Cundinamarca,2024,Recursos de capital,Municipio,Recursos del balance,Cota,13920000
25214.0,Cundinamarca,2024,Recursos de capital,Municipio,Recursos del balance,Cota,7689142
25214.0,Cundinamarca,2024,Recursos de capital,Municipio,Recursos del balance,Cota,211558831
25214.0,Cundinamarca,2024,Recursos de capital,Municipio,Recursos del balance,Cota,30127554040
25214.0,Cundinamarca,2024,Recursos de capital,Municipio,Recursos del balance,Cota,12928914
25214.0,Cundinamarca,2024,Recursos de capital,Municipio,Recursos del balance,Cota,1270297401
68081.0,Santander,2024,Ingresos propios,Municipio,Sobretasa ambiental,Barrancabermeja,1648398591
68081.0,Santander,2024,Ingresos propios,Municipio,Impuesto predial unificado,Barrancabermeja,6796509134
68081.0,Santander,2024,Ingresos propios,Municipio,Impuesto predial unificado,Barrancabermeja,2528267004
68081.0,Santander,2024,Ingresos propios,Municipio,Impuesto predial unificado,Barrancabermeja,101381119
68081.0,Santander,2024,Ingresos propios,Municipio,Impuesto predial unificado,Barrancabermeja,101381119
68081.0,Santander,2024,Ingresos propios,Municipio,Impuesto predial unificado,Barrancabermeja,28386713
68081.0,Santander,2024,Ingresos propios,Municipio,Impuesto predial unificado,Barrancabermeja,811048952
68081.0,Santander,2024,Ingresos propios,Municipio,Impuesto predial unificado,Barrancabermeja,608286714
68081.0,Santander,2024,Ingresos propios,Municipio,Impuesto predial unificado,Barrancabermeja,405524476
68081.0,Santander,2024,Ingresos propios,Municipio,Impuesto predial unificado,Barrancabermeja,405524476
68081.0,Santander,2024,Ingresos propios,Municipio,Impuesto predial unificado,Barrancabermeja,28766137916
68081.0,Santander,2024,Ingresos propios,Municipio,Impuesto predial unificado,Barrancabermeja,2765993485
68081.0,Santander,2024,Ingresos propios,Municipio,Impuesto predial unificado,Barrancabermeja,29447391
68081.0,Santander,2024,Ingresos propios,Municipio,Impuesto predial unificado,Barrancabermeja,29447391
68081.0,Santander,2024,Ingresos propios,Municipio,Impuesto predial unificado,Barrancabermeja,44171087
68081.0,Santander,2024,Ingresos propios,Municipio,Impuesto predial unificado,Barrancabermeja,58894783
68081.0,Santander,2024,Ingresos propios,Municipio,Impuesto predial unificado,Barrancabermeja,2061317
68081.0,Santander,2024,Ingresos propios,Municipio,Impuesto predial unificado,Barrancabermeja,7361847
68081.0,Santander,2024,Ingresos propios,Municipio,Impuesto predial unificado,Barrancabermeja,7361847
68081.0,Santander,2024,Ingresos propios,Municipio,Sobretasa a la gasolina,Barrancabermeja,2880785262
68081.0,Santander,2024,Ingresos propios,Municipio,Sobretasa a la gasolina,Barrancabermeja,124204373
68081.0,Santander,2024,Ingresos propios,Municipio,Sobretasa a la gasolina,Barrancabermeja,124159494
68081.0,Santander,2024,Ingresos propios,Municipio,Sobretasa a la gasolina,Barrancabermeja,248318988
68081.0,Santander,2024,Ingresos propios,Municipio,Sobretasa a la gasolina,Barrancabermeja,8691164
68081.0,Santander,2024,Ingresos propios,Municipio,Sobretasa a la gasolina,Barrancabermeja,31039873
68081.0,Santander,2024,Ingresos propios,Municipio,Sobretasa a la gasolina,Barrancabermeja,31039873
68081.0,Santander,2024,Ingresos propios,Municipio,Sobretasa a la gasolina,Barrancabermeja,6192844995
68081.0,Santander,2024,Ingresos propios,Municipio,Sobretasa a la gasolina,Barrancabermeja,1778447937
68081.0,Santander,2024,Ingresos propios,Municipio,Sobretasa a la gasolina,Barrancabermeja,16417438
68081.0,Santander,2024,Ingresos propios,Municipio,Sobretasa a la gasolina,Barrancabermeja,75800000
68081.0,Santander,2024,Ingresos propios,Municipio,Sobretasa a la gasolina,Barrancabermeja,904200000
68081.0,Santander,2024,Ingresos propios,Municipio,Impuesto de industria y comercio,Barrancabermeja,34710681
68081.0,Santander,2024,Ingresos propios,Municipio,Impuesto de industria y comercio,Barrancabermeja,34710681
68081.0,Santander,2024,Ingresos propios,Municipio,Impuesto de industria y comercio,Barrancabermeja,9718990
68081.0,Santander,2024,Ingresos propios,Municipio,Impuesto de industria y comercio,Barrancabermeja,277685448
68081.0,Santander,2024,Ingresos propios,Municipio,Impuesto de industria y comercio,Barrancabermeja,138842724
68081.0,Santander,2024,Ingresos propios,Municipio,Impuesto de industria y comercio,Barrancabermeja,138842724
68081.0,Santander,2024,Ingresos propios,Municipio,Impuesto de industria y comercio,Barrancabermeja,13249761182
68081.0,Santander,2024,Ingresos propios,Municipio,Impuesto de industria y comercio,Barrancabermeja,206352520340
68081.0,Santander,2024,Ingresos propios,Municipio,Impuesto de industria y comercio,Barrancabermeja,2162344339
68081.0,Santander,2024,Ingresos propios,Municipio,Impuesto de industria y comercio,Barrancabermeja,2162344339
68081.0,Santander,2024,Ingresos propios,Municipio,Impuesto de industria y comercio,Barrancabermeja,4324688679
68081.0,Santander,2024,Ingresos propios,Municipio,Impuesto de industria y comercio,Barrancabermeja,151364103
68081.0,Santander,2024,Ingresos propios,Municipio,Impuesto de industria y comercio,Barrancabermeja,540586084
68081.0,Santander,2024,Ingresos propios,Municipio,Impuesto de industria y comercio,Barrancabermeja,540586084
68081.0,Santander,2024,Ingresos propios,Municipio,Impuesto de industria y comercio,Barrancabermeja,17939257707
68081.0,Santander,2024,Ingresos propios,Municipio,Impuesto de industria y comercio,Barrancabermeja,572583012
68081.0,Santander,2024,Ingresos propios,Municipio,Impuesto de industria y comercio,Barrancabermeja,572583012
68081.0,Santander,2024,Ingresos propios,Municipio,Impuesto de industria y comercio,Barrancabermeja,1145166024
68081.0,Santander,2024,Ingresos propios,Municipio,Impuesto de industria y comercio,Barrancabermeja,40080810
68081.0,Santander,2024,Ingresos propios,Municipio,Impuesto de industria y comercio,Barrancabermeja,143145753
68081.0,Santander,2024,Ingresos propios,Municipio,Impuesto de industria y comercio,Barrancabermeja,143145753
68081.0,Santander,2024,Ingresos propios,Municipio,Impuesto de industria y comercio,Barrancabermeja,1954393554
68081.0,Santander,2024,Ingresos propios,Municipio,Impuesto de industria y comercio,Barrancabermeja,8994900339
68081.0,Santander,2024,Ingresos propios,Municipio,Impuesto de industria y comercio,Barrancabermeja,12027511809
68081.0,Santander,2024,Ingresos propios,Municipio,Impuesto de industria y comercio,Barrancabermeja,831120000
68081.0,Santander,2024,Ingresos propios,Municipio,Impuesto de industria y comercio,Barrancabermeja,10256192101
68081.0,Santander,2024,Ingresos propios,Municipio,Impuesto de industria y comercio,Barrancabermeja,2638221362
68081.0,Santander,2024,Ingresos propios,Municipio,Impuesto complementario de avisos y tableros,Barrancabermeja,33189310695
68081.0,Santander,2024,Ingresos propios,Municipio,Impuesto complementario de avisos y tableros,Barrancabermeja,370141676
68081.0,Santander,2024,Ingresos propios,Municipio,Impuesto complementario de avisos y tableros,Barrancabermeja,370141676
68081.0,Santander,2024,Ingresos propios,Municipio,Impuesto complementario de avisos y tableros,Barrancabermeja,740283352
68081.0,Santander,2024,Ingresos propios,Municipio,Impuesto complementario de avisos y tableros,Barrancabermeja,25909917
68081.0,Santander,2024,Ingresos propios,Municipio,Impuesto complementario de avisos y tableros,Barrancabermeja,92535419
68081.0,Santander,2024,Ingresos propios,Municipio,Impuesto complementario de avisos y tableros,Barrancabermeja,92535419
68081.0,Santander,2024,Ingresos propios,Municipio,Impuesto complementario de avisos y tableros,Barrancabermeja,35000000
68081.0,Santander,2024,Ingresos propios,Municipio,Impuesto complementario de avisos y tableros,Barrancabermeja,681906662
68081.0,Santander,2024,Ingresos propios,Municipio,Impuesto complementario de avisos y tableros,Barrancabermeja,710343334
68081.0,Santander,2024,Ingresos propios,Municipio,Otros ingresos tributarios,Barrancabermeja,25960
68081.0,Santander,2024,Ingresos propios,Municipio,Otros ingresos tributarios,Barrancabermeja,25960
68081.0,Santander,2024,Ingresos propios,Municipio,Otros ingresos tributarios,Barrancabermeja,7268
68081.0,Santander,2024,Ingresos propios,Municipio,Otros ingresos tributarios,Barrancabermeja,207680
68081.0,Santander,2024,Ingresos propios,Municipio,Otros ingresos tributarios,Barrancabermeja,103840
68081.0,Santander,2024,Ingresos propios,Municipio,Otros ingresos tributarios,Barrancabermeja,103840
68081.0,Santander,2024,Ingresos propios,Municipio,Otros ingresos tributarios,Barrancabermeja,9909451
68081.0,Santander,2024,Ingresos propios,Municipio,Impuesto de delineacion,Barrancabermeja,676285239
68081.0,Santander,2024,Ingresos propios,Municipio,Impuesto de delineacion,Barrancabermeja,7086715
68081.0,Santander,2024,Ingresos propios,Municipio,Impuesto de delineacion,Barrancabermeja,7086715
68081.0,Santander,2024,Ingresos propios,Municipio,Impuesto de delineacion,Barrancabermeja,14173430
68081.0,Santander,2024,Ingresos propios,Municipio,Impuesto de delineacion,Barrancabermeja,496070
68081.0,Santander,2024,Ingresos propios,Municipio,Impuesto de delineacion,Barrancabermeja,1771678
68081.0,Santander,2024,Ingresos propios,Municipio,Impuesto de delineacion,Barrancabermeja,1771678
68081.0,Santander,2024,Ingresos propios,Municipio,Otros ingresos tributarios,Barrancabermeja,0
68081.0,Santander,2024,Ingresos propios,Municipio,Otros ingresos tributarios,Barrancabermeja,9506442
68081.0,Santander,2024,Ingresos propios,Municipio,Otros ingresos tributarios,Barrancabermeja,0
68081.0,Santander,2024,Ingresos propios,Municipio,Otros ingresos tributarios,Barrancabermeja,0
68081.0,Santander,2024,Ingresos propios,Municipio,Otros ingresos tributarios,Barrancabermeja,0
68081.0,Santander,2024,Ingresos propios,Municipio,Otros ingresos tributarios,Barrancabermeja,0
68081.0,Santander,2024,Ingresos propios,Municipio,Otros ingresos tributarios,Barrancabermeja,0
68081.0,Santander,2024,Ingresos propios,Municipio,Otros ingresos tributarios,Barrancabermeja,0
68081.0,Santander,2024,Ingresos propios,Municipio,Otros ingresos tributarios,Barrancabermeja,0
68081.0,Santander,2024,Ingresos propios,Municipio,Impuesto de alumbrado publico,Barrancabermeja,46366045967
68081.0,Santander,2024,Ingresos propios,Municipio,Sobretasa bomberil,Barrancabermeja,8499262236
68081.0,Santander,2024,Ingresos propios,Municipio,Otros ingresos tributarios,Barrancabermeja,0
68081.0,Santander,2024,Ingresos propios,Municipio,Otros ingresos tributarios,Barrancabermeja,0
68081.0,Santander,2024,Ingresos propios,Municipio,Otros ingresos tributarios,Barrancabermeja,0
68081.0,Santander,2024,Ingresos propios,Municipio,Otros ingresos tributarios,Barrancabermeja,0
68081.0,Santander,2024,Ingresos propios,Municipio,Otros ingresos tributarios,Barrancabermeja,0
68081.0,Santander,2024,Ingresos propios,Municipio,Otros ingresos tributarios,Barrancabermeja,0
68081.0,Santander,2024,Ingresos propios,Municipio,Otros ingresos tributarios,Barrancabermeja,0
68081.0,Santander,2024,Ingresos propios,Municipio,Tasa prodeporte y recreacion,Barrancabermeja,4154001974
68081.0,Santander,2024,Ingresos propios,Municipio,Estampillas,Barrancabermeja,7763089107
68081.0,Santander,2024,Ingresos propios,Municipio,Estampillas,Barrancabermeja,4755571160
68081.0,Santander,2024,Ingresos propios,Municipio,"Tasas, multas y contribuciones",Barrancabermeja,8958257222
68081.0,Santander,2024,Ingresos propios,Municipio,"Tasas, multas y contribuciones",Barrancabermeja,2419946803
68081.0,Santander,2024,Ingresos propios,Municipio,"Tasas, multas y contribuciones",Barrancabermeja,361520996
68081.0,Santander,2024,Ingresos propios,Municipio,"Tasas, multas y contribuciones",Barrancabermeja,319746738
68081.0,Santander,2024,Ingresos propios,Municipio,"Tasas, multas y contribuciones",Barrancabermeja,3350589
68081.0,Santander,2024,Ingresos propios,Municipio,"Tasas, multas y contribuciones",Barrancabermeja,3350589
68081.0,Santander,2024,Ingresos propios,Municipio,"Tasas, multas y contribuciones",Barrancabermeja,1912914
68081.0,Santander,2024,Ingresos propios,Municipio,"Tasas, multas y contribuciones",Barrancabermeja,234541
68081.0,Santander,2024,Ingresos propios,Municipio,"Tasas, multas y contribuciones",Barrancabermeja,837647
68081.0,Santander,2024,Ingresos propios,Municipio,"Tasas, multas y contribuciones",Barrancabermeja,837647
68081.0,Santander,2024,Ingresos propios,Municipio,"Tasas, multas y contribuciones",Barrancabermeja,4779374
68081.0,Santander,2024,Ingresos propios,Municipio,"Tasas, multas y contribuciones",Barrancabermeja,8889
68081.0,Santander,2024,Ingresos propios,Municipio,"Tasas, multas y contribuciones",Barrancabermeja,340886354
68081.0,Santander,2024,Ingresos propios,Municipio,"Tasas, multas y contribuciones",Barrancabermeja,817200
68081.0,Santander,2024,Ingresos propios,Municipio,"Tasas, multas y contribuciones",Barrancabermeja,8563
68081.0,Santander,2024,Ingresos propios,Municipio,"Tasas, multas y contribuciones",Barrancabermeja,8563
68081.0,Santander,2024,Ingresos propios,Municipio,"Tasas, multas y contribuciones",Barrancabermeja,17126
68081.0,Santander,2024,Ingresos propios,Municipio,"Tasas, multas y contribuciones",Barrancabermeja,599
68081.0,Santander,2024,Ingresos propios,Municipio,"Tasas, multas y contribuciones",Barrancabermeja,2140
68081.0,Santander,2024,Ingresos propios,Municipio,"Tasas, multas y contribuciones",Barrancabermeja,2140
68081.0,Santander,2024,Ingresos propios,Municipio,"Tasas, multas y contribuciones",Barrancabermeja,118046
68081.0,Santander,2024,Ingresos propios,Municipio,"Tasas, multas y contribuciones",Barrancabermeja,118046
68081.0,Santander,2024,Ingresos propios,Municipio,"Tasas, multas y contribuciones",Barrancabermeja,33052
68081.0,Santander,2024,Ingresos propios,Municipio,"Tasas, multas y contribuciones",Barrancabermeja,944371
68081.0,Santander,2024,Ingresos propios,Municipio,"Tasas, multas y contribuciones",Barrancabermeja,472185
68081.0,Santander,2024,Ingresos propios,Municipio,"Tasas, multas y contribuciones",Barrancabermeja,472185
68081.0,Santander,2024,Ingresos propios,Municipio,"Tasas, multas y contribuciones",Barrancabermeja,45060668
68081.0,Santander,2024,Ingresos propios,Municipio,"Tasas, multas y contribuciones",Barrancabermeja,0
68081.0,Santander,2024,Ingresos propios,Municipio,"Tasas, multas y contribuciones",Barrancabermeja,0
68081.0,Santander,2024,Ingresos propios,Municipio,"Tasas, multas y contribuciones",Barrancabermeja,0
68081.0,Santander,2024,Ingresos propios,Municipio,"Tasas, multas y contribuciones",Barrancabermeja,0
68081.0,Santander,2024,Ingresos propios,Municipio,"Tasas, multas y contribuciones",Barrancabermeja,0
68081.0,Santander,2024,Ingresos propios,Municipio,"Tasas, multas y contribuciones",Barrancabermeja,0
68081.0,Santander,2024,Ingresos propios,Municipio,"Tasas, multas y contribuciones",Barrancabermeja,0
68081.0,Santander,2024,Ingresos propios,Municipio,"Tasas, multas y contribuciones",Barrancabermeja,1053193579
68081.0,Santander,2024,Ingresos propios,Municipio,"Tasas, multas y contribuciones",Barrancabermeja,11036294
68081.0,Santander,2024,Ingresos propios,Municipio,"Tasas, multas y contribuciones",Barrancabermeja,11036294
68081.0,Santander,2024,Ingresos propios,Municipio,"Tasas, multas y contribuciones",Barrancabermeja,22072588
68081.0,Santander,2024,Ingresos propios,Municipio,"Tasas, multas y contribuciones",Barrancabermeja,772540
68081.0,Santander,2024,Ingresos propios,Municipio,"Tasas, multas y contribuciones",Barrancabermeja,2759073
68081.0,Santander,2024,Ingresos propios,Municipio,"Tasas, multas y contribuciones",Barrancabermeja,2759073
68081.0,Santander,2024,Ingresos propios,Municipio,"Tasas, multas y contribuciones",Barrancabermeja,182066477
68081.0,Santander,2024,Ingresos propios,Municipio,"Tasas, multas y contribuciones",Barrancabermeja,0
68081.0,Santander,2024,Ingresos propios,Municipio,"Tasas, multas y contribuciones",Barrancabermeja,851555
68081.0,Santander,2024,Ingresos propios,Municipio,"Tasas, multas y contribuciones",Barrancabermeja,8923
68081.0,Santander,2024,Ingresos propios,Municipio,"Tasas, multas y contribuciones",Barrancabermeja,8923
68081.0,Santander,2024,Ingresos propios,Municipio,"Tasas, multas y contribuciones",Barrancabermeja,17846
68081.0,Santander,2024,Ingresos propios,Municipio,"Tasas, multas y contribuciones",Barrancabermeja,624
68081.0,Santander,2024,Ingresos propios,Municipio,"Tasas, multas y contribuciones",Barrancabermeja,2230
68081.0,Santander,2024,Ingresos propios,Municipio,"Tasas, multas y contribuciones",Barrancabermeja,2230
68081.0,Santander,2024,Ingresos propios,Municipio,"Tasas, multas y contribuciones",Barrancabermeja,0
68081.0,Santander,2024,Ingresos propios,Municipio,"Tasas, multas y contribuciones",Barrancabermeja,7262872
68081.0,Santander,2024,Ingresos propios,Municipio,"Tasas, multas y contribuciones",Barrancabermeja,7262872
68081.0,Santander,2024,Ingresos propios,Municipio,"Tasas, multas y contribuciones",Barrancabermeja,2033604
68081.0,Santander,2024,Ingresos propios,Municipio,"Tasas, multas y contribuciones",Barrancabermeja,58102979
68081.0,Santander,2024,Ingresos propios,Municipio,"Tasas, multas y contribuciones",Barrancabermeja,29051489
68081.0,Santander,2024,Ingresos propios,Municipio,"Tasas, multas y contribuciones",Barrancabermeja,29051489
68081.0,Santander,2024,Ingresos propios,Municipio,"Tasas, multas y contribuciones",Barrancabermeja,2772383649
68081.0,Santander,2024,Ingresos propios,Municipio,"Tasas, multas y contribuciones",Barrancabermeja,56698144
68081.0,Santander,2024,Ingresos propios,Municipio,"Tasas, multas y contribuciones",Barrancabermeja,594133
68081.0,Santander,2024,Ingresos propios,Municipio,"Tasas, multas y contribuciones",Barrancabermeja,594133
68081.0,Santander,2024,Ingresos propios,Municipio,"Tasas, multas y contribuciones",Barrancabermeja,1188266
68081.0,Santander,2024,Ingresos propios,Municipio,"Tasas, multas y contribuciones",Barrancabermeja,41589
68081.0,Santander,2024,Ingresos propios,Municipio,"Tasas, multas y contribuciones",Barrancabermeja,148533
68081.0,Santander,2024,Ingresos propios,Municipio,"Tasas, multas y contribuciones",Barrancabermeja,148533
68081.0,Santander,2024,Ingresos propios,Municipio,"Tasas, multas y contribuciones",Barrancabermeja,43639439
68081.0,Santander,2024,Ingresos propios,Municipio,"Tasas, multas y contribuciones",Barrancabermeja,457292
68081.0,Santander,2024,Ingresos propios,Municipio,"Tasas, multas y contribuciones",Barrancabermeja,457292
68081.0,Santander,2024,Ingresos propios,Municipio,"Tasas, multas y contribuciones",Barrancabermeja,914585
68081.0,Santander,2024,Ingresos propios,Municipio,"Tasas, multas y contribuciones",Barrancabermeja,32010
68081.0,Santander,2024,Ingresos propios,Municipio,"Tasas, multas y contribuciones",Barrancabermeja,114323
68081.0,Santander,2024,Ingresos propios,Municipio,"Tasas, multas y contribuciones",Barrancabermeja,114323
68081.0,Santander,2024,Transferencias,Municipio,Sistema general de participaciones,Barrancabermeja,167186833132
68081.0,Santander,2024,Transferencias,Municipio,Sistema general de participaciones,Barrancabermeja,3480724160
68081.0,Santander,2024,Transferencias,Municipio,Sistema general de participaciones,Barrancabermeja,3615608074
68081.0,Santander,2024,Transferencias,Municipio,Sistema general de participaciones,Barrancabermeja,62592289450
68081.0,Santander,2024,Transferencias,Municipio,Sistema general de participaciones,Barrancabermeja,2619258610
68081.0,Santander,2024,Transferencias,Municipio,Sistema general de participaciones,Barrancabermeja,1390314102
68081.0,Santander,2024,Transferencias,Municipio,Sistema general de participaciones,Barrancabermeja,995437174
68081.0,Santander,2024,Transferencias,Municipio,Sistema general de participaciones,Barrancabermeja,746577881
68081.0,Santander,2024,Transferencias,Municipio,Sistema general de participaciones,Barrancabermeja,9456653155
68081.0,Santander,2024,Transferencias,Municipio,Sistema general de participaciones,Barrancabermeja,1343174825
68081.0,Santander,2024,Transferencias,Municipio,Sistema general de participaciones,Barrancabermeja,1025201949
68081.0,Santander,2024,Transferencias,Municipio,Sistema general de participaciones,Barrancabermeja,1058920504
68081.0,Santander,2024,Transferencias,Municipio,Sistema general de participaciones,Barrancabermeja,2054166986
68081.0,Santander,2024,Transferencias,Municipio,Sistema general de participaciones,Barrancabermeja,5405261269
68081.0,Santander,2024,Transferencias,Municipio,Otras transferencias,Barrancabermeja,9433176800
68081.0,Santander,2024,Transferencias,Municipio,Otras transferencias,Barrancabermeja,16068888338
68081.0,Santander,2024,Transferencias,Municipio,Otras transferencias,Barrancabermeja,0
68081.0,Santander,2024,Transferencias,Municipio,Otras transferencias,Barrancabermeja,192632400
68081.0,Santander,2024,Transferencias,Municipio,Recursos del sistema de seguridad social integral,Barrancabermeja,114524907629
68081.0,Santander,2024,Transferencias,Municipio,Recursos del sistema de seguridad social integral,Barrancabermeja,12069503648
68081.0,Santander,2024,Transferencias,Municipio,Recursos del sistema de seguridad social integral,Barrancabermeja,222336377
68081.0,Santander,2024,Ingresos propios,Municipio,"Tasas, multas y contribuciones",Barrancabermeja,796294487
68081.0,Santander,2024,Ingresos propios,Municipio,"Tasas, multas y contribuciones",Barrancabermeja,2827972517
68081.0,Santander,2024,Recursos de capital,Municipio,Otros recursos de capital,Barrancabermeja,28693825
68081.0,Santander,2024,Recursos de capital,Municipio,Otros recursos de capital,Barrancabermeja,25052522
68081.0,Santander,2024,Recursos de capital,Municipio,Otros recursos de capital,Barrancabermeja,2841908
68081.0,Santander,2024,Recursos de capital,Municipio,Otros recursos de capital,Barrancabermeja,264181905
68081.0,Santander,2024,Recursos de capital,Municipio,Otros recursos de capital,Barrancabermeja,1271754
68081.0,Santander,2024,Recursos de capital,Municipio,Otros recursos de capital,Barrancabermeja,8287788
68081.0,Santander,2024,Recursos de capital,Municipio,Otros recursos de capital,Barrancabermeja,2039727
68081.0,Santander,2024,Recursos de capital,Municipio,Otros recursos de capital,Barrancabermeja,1577690
68081.0,Santander,2024,Recursos de capital,Municipio,Otros recursos de capital,Barrancabermeja,16294697
68081.0,Santander,2024,Recursos de capital,Municipio,Otros recursos de capital,Barrancabermeja,114950676
68081.0,Santander,2024,Recursos de capital,Municipio,Otros recursos de capital,Barrancabermeja,3739762
68081.0,Santander,2024,Recursos de capital,Municipio,Otros recursos de capital,Barrancabermeja,498023392
68081.0,Santander,2024,Recursos de capital,Municipio,Otros recursos de capital,Barrancabermeja,4539432988
68081.0,Santander,2024,Recursos de capital,Municipio,Recursos de crdito,Barrancabermeja,20000000000
68081.0,Santander,2024,Recursos de capital,Municipio,Recursos del balance,Barrancabermeja,1748855883
68081.0,Santander,2024,Recursos de capital,Municipio,Recursos del balance,Barrancabermeja,277629091
68081.0,Santander,2024,Recursos de capital,Municipio,Recursos del balance,Barrancabermeja,539003086
68081.0,Santander,2024,Recursos de capital,Municipio,Recursos del balance,Barrancabermeja,190161505
68081.0,Santander,2024,Recursos de capital,Municipio,Recursos del balance,Barrancabermeja,55440494
68081.0,Santander,2024,Recursos de capital,Municipio,Recursos del balance,Barrancabermeja,57318771
68081.0,Santander,2024,Recursos de capital,Municipio,Recursos del balance,Barrancabermeja,544866029
68081.0,Santander,2024,Recursos de capital,Municipio,Recursos del balance,Barrancabermeja,638502857
68081.0,Santander,2024,Recursos de capital,Municipio,Recursos del balance,Barrancabermeja,111788728
68081.0,Santander,2024,Recursos de capital,Municipio,Recursos del balance,Barrancabermeja,1288221938
68081.0,Santander,2024,Recursos de capital,Municipio,Recursos del balance,Barrancabermeja,23249014
68081.0,Santander,2024,Recursos de capital,Municipio,Recursos del balance,Barrancabermeja,6691392658
68081.0,Santander,2024,Recursos de capital,Municipio,Recursos del balance,Barrancabermeja,8919724
68081.0,Santander,2024,Recursos de capital,Municipio,Recursos del balance,Barrancabermeja,37812214
68081.0,Santander,2024,Recursos de capital,Municipio,Recursos del balance,Barrancabermeja,2826800346
68081.0,Santander,2024,Recursos de capital,Municipio,Recursos del balance,Barrancabermeja,533386902
68081.0,Santander,2024,Recursos de capital,Municipio,Recursos del balance,Barrancabermeja,7083327758
68081.0,Santander,2024,Recursos de capital,Municipio,Recursos del balance,Barrancabermeja,426015013
68081.0,Santander,2024,Recursos de capital,Municipio,Recursos del balance,Barrancabermeja,24128312
68081.0,Santander,2024,Recursos de capital,Municipio,Recursos del balance,Barrancabermeja,1722873579
68081.0,Santander,2024,Recursos de capital,Municipio,Recursos del balance,Barrancabermeja,1337787
68081.0,Santander,2024,Recursos de capital,Municipio,Recursos del balance,Barrancabermeja,334949816
68081.0,Santander,2024,Recursos de capital,Municipio,Recursos del balance,Barrancabermeja,1114112586
68081.0,Santander,2024,Recursos de capital,Municipio,Recursos del balance,Barrancabermeja,683236428
68081.0,Santander,2024,Recursos de capital,Municipio,Recursos del balance,Barrancabermeja,153277
68081.0,Santander,2024,Recursos de capital,Municipio,Recursos del balance,Barrancabermeja,456919366
68081.0,Santander,2024,Recursos de capital,Municipio,Recursos del balance,Barrancabermeja,238269
68081.0,Santander,2024,Recursos de capital,Municipio,Recursos del balance,Barrancabermeja,50941886
68081.0,Santander,2024,Recursos de capital,Municipio,Recursos del balance,Barrancabermeja,24841116
68081.0,Santander,2024,Recursos de capital,Municipio,Recursos del balance,Barrancabermeja,498286990
68081.0,Santander,2024,Recursos de capital,Municipio,Recursos del balance,Barrancabermeja,956594893
68081.0,Santander,2024,Recursos de capital,Municipio,Recursos del balance,Barrancabermeja,6794627204
68081.0,Santander,2024,Recursos de capital,Municipio,Recursos del balance,Barrancabermeja,673835401
68081.0,Santander,2024,Recursos de capital,Municipio,Recursos del balance,Barrancabermeja,16036131175
68081.0,Santander,2024,Recursos de capital,Municipio,Otros recursos de capital,Barrancabermeja,4771889583
68081.0,Santander,2024,Recursos de capital,Municipio,Otros recursos de capital,Barrancabermeja,1160468716
